student_id,course_id,chapter_id,chapter_order,time_spent_minutes,score,completed
1,4,1,1,41.1,82.2,1
1,4,2,2,34.4,68.5,1
1,4,3,3,25.6,56.6,1
1,4,4,4,22.1,36.1,0
2,4,1,1,5.0,22.9,0
3,4,1,1,27.9,34.0,0
4,4,1,1,27.0,40.8,1
4,4,2,2,20.2,39.1,1
4,4,3,3,16.0,36.2,0
5,3,1,1,41.4,44.4,1
5,3,2,2,52.9,68.6,1
5,3,3,3,33.3,51.0,0
6,4,1,1,9.1,14.1,0
7,5,1,1,26.7,49.7,1
7,5,2,2,18.7,36.9,0
8,1,1,1,35.3,64.2,1
8,1,2,2,22.1,45.8,1
8,1,3,3,15.7,54.5,0
9,5,1,1,35.9,55.3,1
9,5,2,2,29.5,40.8,1
9,5,3,3,33.4,45.6,1
9,5,4,4,7.5,44.5,0
10,5,1,1,15.9,34.1,1
10,5,2,2,11.8,28.1,1
10,5,3,3,8.5,24.1,1
10,5,4,4,16.5,24.2,1
10,5,5,5,6.5,21.5,0
11,4,1,1,42.5,57.4,1
11,4,2,2,23.7,46.8,1
11,4,3,3,34.1,42.5,1
11,4,4,4,23.0,38.2,0
12,5,1,1,22.2,41.5,1
12,5,2,2,28.1,31.5,0
13,1,1,1,21.1,23.7,1
13,1,2,2,14.2,27.4,0
14,1,1,1,17.0,22.5,1
14,1,2,2,18.6,20.6,1
14,1,3,3,16.8,19.8,0
15,4,1,1,47.3,58.1,1
15,4,2,2,33.2,42.9,1
15,4,3,3,26.6,61.4,1
15,4,4,4,32.2,52.1,1
15,4,5,5,25.5,19.0,1
15,4,6,6,25.5,41.1,0
16,2,1,1,22.2,34.3,1
16,2,2,2,9.6,29.1,0
17,4,1,1,24.4,46.0,1
17,4,2,2,27.7,44.4,1
17,4,3,3,25.5,34.5,1
17,4,4,4,22.4,44.6,1
17,4,5,5,12.1,21.6,0
18,3,1,1,32.8,38.6,0
19,5,1,1,20.8,23.0,1
19,5,2,2,15.7,14.8,1
19,5,3,3,8.6,25.8,1
19,5,4,4,11.3,21.6,1
19,5,5,5,5.1,14.2,0
20,1,1,1,12.2,33.9,0
21,1,1,1,12.1,22.1,0
22,3,1,1,29.2,56.7,1
22,3,2,2,29.8,48.6,0
23,5,1,1,18.6,43.3,1
23,5,2,2,22.4,33.9,1
23,5,3,3,13.3,30.9,1
23,5,4,4,19.2,26.9,1
23,5,5,5,16.9,28.5,0
24,5,1,1,11.4,29.0,1
24,5,2,2,11.9,32.7,0
25,4,1,1,34.3,53.9,1
25,4,2,2,21.5,67.5,1
25,4,3,3,24.8,54.5,0
26,3,1,1,19.8,25.6,0
27,5,1,1,20.5,43.5,1
27,5,2,2,16.7,39.4,0
28,2,1,1,30.6,36.7,0
29,4,1,1,24.6,46.1,1
29,4,2,2,39.5,40.9,0
30,2,1,1,16.2,17.2,1
30,2,2,2,9.3,28.6,1
30,2,3,3,13.4,29.1,1
30,2,4,4,6.8,17.1,0
31,5,1,1,11.7,23.3,0
32,4,1,1,13.4,33.5,1
32,4,2,2,12.6,25.4,1
32,4,3,3,11.7,24.7,0
33,3,1,1,26.3,50.0,1
33,3,2,2,22.8,33.2,0
34,3,1,1,37.5,76.6,1
34,3,2,2,32.1,55.2,1
34,3,3,3,29.1,55.5,1
34,3,4,4,17.9,34.1,0
35,5,1,1,11.8,24.5,0
36,2,1,1,19.7,41.1,1
36,2,2,2,19.2,58.2,1
36,2,3,3,22.8,36.4,1
36,2,4,4,9.2,47.1,1
36,2,5,5,25.4,35.3,0
37,1,1,1,35.2,51.8,1
37,1,2,2,39.0,44.6,1
37,1,3,3,33.6,44.5,1
37,1,4,4,21.1,46.6,0
38,1,1,1,36.0,55.8,1
38,1,2,2,19.8,14.5,0
39,5,1,1,24.1,24.1,1
39,5,2,2,19.5,33.4,0
40,2,1,1,38.9,85.6,1
40,2,2,2,33.5,58.3,1
40,2,3,3,18.9,47.3,1
40,2,4,4,15.8,46.6,1
40,2,5,5,24.6,38.5,0
41,4,1,1,10.1,48.3,1
41,4,2,2,18.7,25.8,0
42,4,1,1,31.1,52.3,1
42,4,2,2,28.2,50.8,1
42,4,3,3,18.1,17.4,0
43,1,1,1,17.0,35.5,1
43,1,2,2,15.6,22.2,1
43,1,3,3,21.5,26.1,1
43,1,4,4,18.7,17.8,0
44,1,1,1,26.9,57.3,1
44,1,2,2,35.0,42.6,1
44,1,3,3,22.9,40.1,1
44,1,4,4,23.1,28.3,0
45,1,1,1,21.7,40.0,1
45,1,2,2,11.5,42.0,1
45,1,3,3,15.2,25.5,1
45,1,4,4,7.9,31.1,1
45,1,5,5,12.9,22.4,0
46,3,1,1,15.7,35.6,1
46,3,2,2,13.7,26.9,1
46,3,3,3,9.9,26.7,0
47,1,1,1,14.7,27.8,0
48,1,1,1,30.4,48.4,1
48,1,2,2,24.1,57.7,1
48,1,3,3,27.5,56.1,1
48,1,4,4,29.9,35.5,1
48,1,5,5,20.3,34.2,0
49,2,1,1,25.7,35.8,0
50,1,1,1,43.8,38.3,1
50,1,2,2,28.2,57.9,1
50,1,3,3,27.9,44.2,1
50,1,4,4,29.0,27.4,0
51,3,1,1,39.3,33.1,0
52,4,1,1,18.6,25.7,1
52,4,2,2,10.7,27.6,0
53,3,1,1,21.8,40.5,0
54,1,1,1,29.6,40.6,1
54,1,2,2,15.6,29.5,0
55,1,1,1,19.9,50.6,1
55,1,2,2,27.2,38.0,1
55,1,3,3,28.1,41.6,1
55,1,4,4,21.8,48.9,1
55,1,5,5,20.1,26.5,1
55,1,6,6,14.2,32.6,0
56,1,1,1,31.9,37.9,1
56,1,2,2,27.7,38.7,0
57,5,1,1,33.2,52.3,1
57,5,2,2,24.3,34.0,1
57,5,3,3,19.1,50.3,0
58,1,1,1,20.8,40.6,1
58,1,2,2,8.6,31.1,1
58,1,3,3,15.3,14.4,1
58,1,4,4,14.9,29.9,1
58,1,5,5,18.1,21.5,1
58,1,6,6,11.5,25.9,0
59,5,1,1,26.4,42.3,1
59,5,2,2,16.6,49.4,1
59,5,3,3,15.6,51.6,1
59,5,4,4,22.0,29.0,0
60,1,1,1,31.1,20.9,1
60,1,2,2,21.5,25.5,0
61,5,1,1,10.9,15.1,1
61,5,2,2,9.5,18.2,1
61,5,3,3,7.8,21.0,1
61,5,4,4,9.4,13.5,1
61,5,5,5,8.0,14.2,1
61,5,6,6,5.4,11.6,0
62,2,1,1,41.3,38.1,1
62,2,2,2,45.0,49.9,1
62,2,3,3,33.0,72.4,1
62,2,4,4,13.3,53.0,1
62,2,5,5,17.8,38.6,0
63,3,1,1,28.8,31.3,1
63,3,2,2,28.6,34.9,1
63,3,3,3,22.4,36.5,0
64,4,1,1,28.7,48.1,1
64,4,2,2,30.8,36.9,0
65,4,1,1,36.0,66.7,1
65,4,2,2,15.9,49.8,1
65,4,3,3,13.4,55.9,1
65,4,4,4,22.5,58.9,1
65,4,5,5,19.3,38.0,1
65,4,6,6,17.0,30.9,0
66,4,1,1,17.4,32.2,0
67,1,1,1,14.4,28.8,1
67,1,2,2,24.0,26.5,0
68,1,1,1,8.3,12.6,1
68,1,2,2,9.5,20.1,0
69,2,1,1,30.7,61.6,1
69,2,2,2,35.1,37.0,0
70,5,1,1,43.8,36.5,1
70,5,2,2,29.2,41.8,0
71,5,1,1,11.6,20.9,0
72,3,1,1,15.9,29.6,0
73,5,1,1,22.3,45.3,1
73,5,2,2,19.9,45.8,1
73,5,3,3,14.5,7.0,1
73,5,4,4,13.9,22.3,0
74,3,1,1,24.9,25.8,0
75,4,1,1,30.5,69.5,1
75,4,2,2,23.9,44.9,1
75,4,3,3,15.3,56.7,1
75,4,4,4,24.5,50.1,1
75,4,5,5,27.2,39.5,1
75,4,6,6,10.2,25.1,0
76,2,1,1,14.3,16.9,0
77,2,1,1,21.5,74.8,1
77,2,2,2,28.7,53.5,1
77,2,3,3,36.5,42.1,1
77,2,4,4,22.7,48.2,1
77,2,5,5,19.9,40.4,1
77,2,6,6,18.7,35.2,0
78,2,1,1,12.5,12.8,1
78,2,2,2,8.9,16.8,1
78,2,3,3,9.5,17.8,0
79,5,1,1,6.8,22.5,1
79,5,2,2,13.1,20.1,0
80,2,1,1,11.3,20.6,1
80,2,2,2,15.6,16.6,0
81,2,1,1,18.6,43.8,1
81,2,2,2,28.6,57.2,1
81,2,3,3,23.9,34.5,0
82,4,1,1,33.7,32.2,1
82,4,2,2,30.1,48.7,1
82,4,3,3,27.8,28.4,0
83,3,1,1,33.9,39.1,0
84,1,1,1,28.3,29.8,1
84,1,2,2,14.6,31.3,0
85,4,1,1,33.3,33.5,0
86,4,1,1,33.4,78.7,1
86,4,2,2,38.1,57.9,1
86,4,3,3,26.2,45.5,1
86,4,4,4,30.9,49.3,0
87,2,1,1,13.3,22.0,0
88,5,1,1,18.9,37.4,1
88,5,2,2,20.0,35.6,0
89,5,1,1,23.3,40.8,1
89,5,2,2,13.7,40.8,1
89,5,3,3,20.0,29.8,0
90,4,1,1,26.8,58.3,1
90,4,2,2,24.2,55.9,1
90,4,3,3,19.9,44.6,1
90,4,4,4,16.6,24.4,1
90,4,5,5,16.3,25.2,0
91,4,1,1,32.2,83.2,1
91,4,2,2,25.8,67.5,1
91,4,3,3,19.7,41.7,1
91,4,4,4,13.6,34.2,1
91,4,5,5,28.8,38.5,1
91,4,6,6,31.2,29.7,0
92,4,1,1,16.3,20.6,0
93,3,1,1,20.3,37.5,0
94,1,1,1,39.7,69.0,1
94,1,2,2,33.1,38.4,1
94,1,3,3,16.7,52.9,1
94,1,4,4,27.0,45.2,1
94,1,5,5,35.3,34.0,1
94,1,6,6,18.8,42.1,1
94,1,7,7,15.4,17.6,0
95,2,1,1,37.6,71.4,1
95,2,2,2,28.8,43.7,1
95,2,3,3,33.1,37.8,0
96,5,1,1,14.5,30.5,1
96,5,2,2,5.0,21.6,1
96,5,3,3,12.0,29.2,1
96,5,4,4,7.1,23.3,1
96,5,5,5,12.2,22.9,1
96,5,6,6,10.0,18.3,1
96,5,7,7,9.6,16.6,0
97,4,1,1,13.7,21.7,1
97,4,2,2,15.0,22.0,1
97,4,3,3,11.6,21.6,0
98,3,1,1,23.9,73.4,1
98,3,2,2,45.2,60.2,1
98,3,3,3,31.5,69.3,1
98,3,4,4,34.3,31.8,1
98,3,5,5,20.5,42.0,1
98,3,6,6,17.9,35.8,0
99,1,1,1,18.8,18.4,1
99,1,2,2,9.6,19.1,1
99,1,3,3,13.1,16.1,0
100,2,1,1,17.6,26.1,0
101,1,1,1,17.7,32.2,0
102,2,1,1,27.1,49.9,1
102,2,2,2,31.1,51.6,1
102,2,3,3,13.6,38.8,0
103,2,1,1,16.8,27.4,0
104,4,1,1,25.1,44.5,1
104,4,2,2,23.5,41.6,1
104,4,3,3,19.9,38.2,1
104,4,4,4,12.5,29.1,0
105,4,1,1,10.9,32.4,0
106,5,1,1,15.1,38.0,1
106,5,2,2,14.4,13.7,1
106,5,3,3,18.4,19.6,1
106,5,4,4,9.9,22.6,0
107,1,1,1,25.6,41.2,1
107,1,2,2,30.2,35.0,1
107,1,3,3,21.3,30.6,1
107,1,4,4,12.2,24.9,1
107,1,5,5,18.9,22.6,1
107,1,6,6,14.3,23.0,1
107,1,7,7,16.6,26.5,0
108,1,1,1,32.1,58.6,1
108,1,2,2,33.5,41.1,0
109,4,1,1,33.7,48.5,1
109,4,2,2,32.6,36.1,1
109,4,3,3,19.1,52.8,1
109,4,4,4,16.7,18.1,1
109,4,5,5,15.3,34.3,0
110,4,1,1,19.4,51.3,1
110,4,2,2,23.2,41.2,1
110,4,3,3,18.1,37.8,0
111,1,1,1,41.8,53.6,1
111,1,2,2,36.1,60.3,1
111,1,3,3,33.0,76.1,1
111,1,4,4,23.2,38.1,1
111,1,5,5,27.6,39.7,1
111,1,6,6,12.1,20.8,0
112,5,1,1,32.8,44.5,1
112,5,2,2,23.4,40.6,1
112,5,3,3,26.4,40.0,1
112,5,4,4,24.6,34.9,0
113,1,1,1,29.9,41.5,1
113,1,2,2,32.1,41.7,0
114,1,1,1,18.9,50.8,1
114,1,2,2,28.6,35.6,0
115,1,1,1,25.6,27.1,1
115,1,2,2,18.3,32.5,0
116,5,1,1,27.7,36.6,1
116,5,2,2,23.3,31.0,1
116,5,3,3,14.4,29.1,1
116,5,4,4,13.5,23.2,0
117,1,1,1,16.7,24.3,0
118,1,1,1,20.3,61.3,1
118,1,2,2,14.5,45.8,1
118,1,3,3,23.6,20.6,0
119,5,1,1,14.9,26.4,0
120,5,1,1,11.3,33.1,1
120,5,2,2,13.9,17.1,1
120,5,3,3,11.4,20.7,0
121,1,1,1,35.3,62.7,1
121,1,2,2,33.9,53.0,1
121,1,3,3,32.0,64.3,1
121,1,4,4,25.5,31.3,0
122,1,1,1,23.2,40.9,1
122,1,2,2,22.2,36.7,0
123,4,1,1,32.3,56.6,1
123,4,2,2,33.8,42.3,1
123,4,3,3,22.0,40.4,1
123,4,4,4,13.9,23.2,1
123,4,5,5,13.5,16.9,0
124,1,1,1,22.6,37.3,0
125,2,1,1,54.4,53.7,1
125,2,2,2,28.3,36.2,0
126,4,1,1,31.1,52.3,1
126,4,2,2,28.8,44.9,1
126,4,3,3,20.7,42.6,0
127,5,1,1,40.6,49.8,1
127,5,2,2,39.4,51.7,0
128,2,1,1,15.6,37.7,1
128,2,2,2,16.7,37.6,0
129,1,1,1,34.5,44.0,1
129,1,2,2,24.0,36.9,1
129,1,3,3,27.2,39.6,1
129,1,4,4,15.3,27.9,1
129,1,5,5,20.9,26.6,1
129,1,6,6,9.6,20.8,1
129,1,7,7,14.0,17.9,0
130,2,1,1,27.3,60.8,1
130,2,2,2,25.7,44.2,1
130,2,3,3,42.0,27.1,0
131,5,1,1,34.1,70.9,1
131,5,2,2,34.1,27.9,0
132,2,1,1,25.6,37.8,0
133,5,1,1,33.6,69.4,1
133,5,2,2,19.4,39.7,0
134,4,1,1,25.1,47.2,1
134,4,2,2,13.5,41.8,1
134,4,3,3,13.3,37.0,0
135,2,1,1,42.9,90.6,1
135,2,2,2,27.3,57.4,1
135,2,3,3,22.5,59.3,1
135,2,4,4,25.8,37.5,1
135,2,5,5,30.9,30.1,1
135,2,6,6,14.5,32.5,1
135,2,7,7,16.9,33.9,1
135,2,8,8,21.0,25.2,0
136,1,1,1,18.4,46.8,1
136,1,2,2,22.4,38.6,0
137,1,1,1,13.5,26.7,0
138,4,1,1,20.2,28.2,1
138,4,2,2,8.3,36.5,1
138,4,3,3,18.2,13.2,1
138,4,4,4,14.5,33.1,1
138,4,5,5,10.5,18.3,1
138,4,6,6,8.8,15.3,1
138,4,7,7,9.7,14.8,0
139,5,1,1,32.9,68.1,1
139,5,2,2,25.2,58.7,1
139,5,3,3,19.9,44.3,1
139,5,4,4,27.1,42.6,1
139,5,5,5,21.4,21.3,0
140,4,1,1,19.2,73.0,1
140,4,2,2,19.9,55.4,1
140,4,3,3,37.9,46.0,1
140,4,4,4,20.3,26.2,0
141,5,1,1,12.0,23.1,1
141,5,2,2,12.9,18.9,1
141,5,3,3,12.8,25.4,0
142,4,1,1,31.1,56.3,1
142,4,2,2,36.1,34.2,0
143,3,1,1,24.6,44.0,1
143,3,2,2,19.5,33.1,0
144,5,1,1,31.3,40.6,1
144,5,2,2,27.6,54.6,1
144,5,3,3,12.7,63.0,1
144,5,4,4,22.0,31.1,0
145,4,1,1,22.0,33.6,1
145,4,2,2,14.5,33.5,1
145,4,3,3,15.8,25.6,1
145,4,4,4,11.9,20.2,1
145,4,5,5,13.2,16.3,1
145,4,6,6,5.0,16.1,0
146,1,1,1,27.0,39.3,0
147,4,1,1,22.8,43.1,1
147,4,2,2,19.9,39.9,0
148,1,1,1,28.4,79.5,1
148,1,2,2,42.0,48.6,1
148,1,3,3,25.8,46.1,0
149,2,1,1,14.4,16.9,1
149,2,2,2,7.2,16.4,0
150,4,1,1,34.4,79.1,0
151,2,1,1,18.9,26.0,0
152,5,1,1,30.8,51.2,1
152,5,2,2,21.4,33.9,1
152,5,3,3,18.1,27.0,0
153,4,1,1,18.3,30.7,1
153,4,2,2,18.8,48.0,0
154,5,1,1,19.7,33.9,1
154,5,2,2,16.0,30.9,1
154,5,3,3,19.6,25.5,1
154,5,4,4,15.5,29.2,0
155,3,1,1,25.7,33.4,0
156,5,1,1,25.7,58.4,1
156,5,2,2,30.3,54.5,1
156,5,3,3,25.7,66.1,1
156,5,4,4,31.3,42.8,1
156,5,5,5,24.9,37.8,0
157,2,1,1,29.1,51.6,1
157,2,2,2,18.1,34.9,1
157,2,3,3,14.0,44.6,1
157,2,4,4,20.4,40.4,1
157,2,5,5,18.9,14.8,0
158,2,1,1,19.5,40.8,1
158,2,2,2,32.8,44.7,1
158,2,3,3,19.9,24.1,1
158,2,4,4,23.5,46.6,1
158,2,5,5,27.6,28.5,0
159,4,1,1,10.0,17.6,1
159,4,2,2,20.6,25.3,0
160,2,1,1,38.5,56.0,1
160,2,2,2,19.5,47.6,1
160,2,3,3,16.5,36.4,0
161,5,1,1,30.8,67.5,1
161,5,2,2,29.9,42.0,1
161,5,3,3,21.1,41.6,1
161,5,4,4,26.2,45.6,1
161,5,5,5,21.4,25.8,0
162,3,1,1,30.8,35.3,1
162,3,2,2,29.3,37.2,1
162,3,3,3,33.2,47.4,1
162,3,4,4,18.7,40.5,1
162,3,5,5,11.8,12.7,0
163,5,1,1,25.6,52.5,1
163,5,2,2,27.1,47.8,0
164,1,1,1,11.3,28.1,1
164,1,2,2,14.9,24.6,0
165,4,1,1,14.8,18.1,1
165,4,2,2,8.1,11.3,1
165,4,3,3,8.2,15.6,1
165,4,4,4,9.1,13.8,0
166,5,1,1,13.8,33.7,1
166,5,2,2,22.8,43.6,1
166,5,3,3,19.6,30.7,0
167,1,1,1,18.7,46.9,1
167,1,2,2,23.2,36.6,1
167,1,3,3,16.4,45.8,0
168,1,1,1,22.6,44.2,1
168,1,2,2,17.6,39.6,0
169,1,1,1,24.2,31.2,0
170,2,1,1,33.0,31.1,1
170,2,2,2,20.9,30.7,1
170,2,3,3,15.7,32.3,1
170,2,4,4,13.9,24.1,0
171,4,1,1,19.4,54.3,1
171,4,2,2,25.6,32.2,1
171,4,3,3,24.5,36.7,1
171,4,4,4,21.1,65.2,0
172,4,1,1,18.0,37.8,0
173,3,1,1,8.8,29.6,1
173,3,2,2,21.7,31.8,1
173,3,3,3,15.8,22.3,0
174,2,1,1,15.6,41.1,1
174,2,2,2,24.5,33.7,0
175,1,1,1,25.7,42.9,1
175,1,2,2,20.7,50.4,1
175,1,3,3,23.4,33.3,0
176,1,1,1,16.0,41.5,1
176,1,2,2,13.9,32.7,0
177,1,1,1,11.6,17.1,1
177,1,2,2,8.3,16.7,1
177,1,3,3,11.7,17.4,1
177,1,4,4,10.4,19.7,0
178,2,1,1,32.6,68.6,1
178,2,2,2,24.8,68.9,1
178,2,3,3,21.1,51.8,1
178,2,4,4,34.6,26.6,1
178,2,5,5,22.6,38.6,0
179,1,1,1,10.0,31.3,1
179,1,2,2,11.6,25.2,1
179,1,3,3,14.2,14.5,1
179,1,4,4,5.3,18.6,0
180,3,1,1,41.7,47.6,1
180,3,2,2,32.6,42.5,0
181,2,1,1,25.1,36.7,0
182,4,1,1,19.6,28.5,1
182,4,2,2,17.1,33.0,0
183,2,1,1,39.3,53.3,1
183,2,2,2,36.9,67.8,1
183,2,3,3,29.6,53.0,1
183,2,4,4,29.7,67.4,1
183,2,5,5,14.4,37.6,0
184,4,1,1,7.1,22.1,1
184,4,2,2,9.0,16.5,1
184,4,3,3,12.2,23.0,1
184,4,4,4,9.5,16.5,1
184,4,5,5,8.8,13.5,1
184,4,6,6,7.5,16.1,0
185,4,1,1,23.8,28.6,1
185,4,2,2,10.9,25.9,0
186,4,1,1,31.4,50.2,1
186,4,2,2,15.2,41.6,1
186,4,3,3,17.2,26.3,0
187,4,1,1,48.5,70.1,1
187,4,2,2,27.2,58.7,1
187,4,3,3,25.8,26.7,0
188,3,1,1,11.7,31.1,1
188,3,2,2,12.8,24.7,1
188,3,3,3,13.7,21.7,1
188,3,4,4,14.7,36.5,0
189,1,1,1,22.3,31.1,0
190,3,1,1,29.9,59.6,1
190,3,2,2,30.0,46.7,1
190,3,3,3,24.9,36.5,1
190,3,4,4,26.5,49.8,1
190,3,5,5,15.0,45.6,1
190,3,6,6,22.0,35.7,0
191,4,1,1,26.7,40.5,1
191,4,2,2,20.2,42.5,1
191,4,3,3,22.6,41.7,0
192,1,1,1,46.0,76.8,1
192,1,2,2,31.2,56.2,1
192,1,3,3,30.3,58.5,1
192,1,4,4,21.7,48.2,1
192,1,5,5,22.7,32.9,0
193,1,1,1,11.2,67.3,1
193,1,2,2,31.4,43.9,1
193,1,3,3,22.6,28.1,1
193,1,4,4,20.1,31.6,1
193,1,5,5,15.0,31.0,0
194,2,1,1,22.5,32.7,1
194,2,2,2,32.7,45.7,0
195,3,1,1,34.4,29.2,1
195,3,2,2,17.8,54.4,1
195,3,3,3,15.4,35.4,1
195,3,4,4,14.3,30.0,0
196,4,1,1,23.0,46.6,1
196,4,2,2,19.3,41.4,1
196,4,3,3,23.4,42.6,0
197,1,1,1,12.9,25.5,1
197,1,2,2,12.9,25.3,0
198,3,1,1,19.6,49.2,1
198,3,2,2,18.6,35.0,1
198,3,3,3,22.2,32.4,1
198,3,4,4,9.4,18.2,0
199,4,1,1,60.0,38.8,0
200,5,1,1,17.8,50.1,1
200,5,2,2,20.2,42.0,1
200,5,3,3,13.4,53.8,1
200,5,4,4,22.5,31.4,1
200,5,5,5,7.6,33.9,1
200,5,6,6,19.0,36.9,0
201,2,1,1,18.9,43.9,1
201,2,2,2,23.5,38.5,0
202,3,1,1,36.6,82.9,1
202,3,2,2,33.6,50.1,1
202,3,3,3,23.4,58.4,1
202,3,4,4,27.3,43.4,1
202,3,5,5,23.2,46.8,1
202,3,6,6,14.5,28.2,1
202,3,7,7,16.5,13.2,0
203,2,1,1,28.8,62.5,1
203,2,2,2,37.2,64.3,1
203,2,3,3,25.2,42.3,0
204,5,1,1,25.6,14.4,1
204,5,2,2,30.2,33.6,1
204,5,3,3,14.7,34.7,0
205,4,1,1,24.6,47.3,1
205,4,2,2,35.6,55.9,1
205,4,3,3,29.2,52.3,0
206,5,1,1,33.5,57.9,1
206,5,2,2,27.6,41.5,1
206,5,3,3,32.6,34.9,0
207,3,1,1,20.5,33.9,1
207,3,2,2,9.6,33.2,0
208,2,1,1,30.0,55.9,1
208,2,2,2,17.1,41.8,1
208,2,3,3,31.3,38.9,1
208,2,4,4,27.6,38.3,0
209,5,1,1,20.6,60.2,0
210,3,1,1,15.9,37.9,1
210,3,2,2,5.0,33.4,1
210,3,3,3,13.8,30.1,1
210,3,4,4,17.6,20.3,1
210,3,5,5,13.6,29.1,0
211,5,1,1,28.5,80.6,1
211,5,2,2,23.8,66.0,1
211,5,3,3,33.2,59.3,1
211,5,4,4,26.3,52.4,1
211,5,5,5,24.6,37.0,0
212,4,1,1,9.0,19.6,1
212,4,2,2,15.6,18.6,1
212,4,3,3,13.5,18.9,0
213,4,1,1,33.6,50.8,1
213,4,2,2,20.3,49.0,1
213,4,3,3,22.2,42.3,1
213,4,4,4,22.6,29.8,1
213,4,5,5,17.2,19.8,0
214,5,1,1,13.5,20.8,1
214,5,2,2,7.1,9.9,0
215,3,1,1,26.8,33.4,1
215,3,2,2,21.5,24.6,0
216,1,1,1,36.7,53.1,1
216,1,2,2,29.6,46.4,1
216,1,3,3,20.5,46.5,0
217,5,1,1,12.6,17.2,0
218,5,1,1,30.8,48.2,1
218,5,2,2,27.2,46.4,0
219,3,1,1,34.3,43.7,0
220,3,1,1,32.6,52.5,1
220,3,2,2,17.6,49.6,1
220,3,3,3,22.2,49.4,1
220,3,4,4,17.5,38.4,0
221,5,1,1,15.6,40.0,1
221,5,2,2,25.9,43.8,1
221,5,3,3,20.3,29.1,1
221,5,4,4,18.9,26.1,1
221,5,5,5,9.6,18.9,0
222,3,1,1,30.3,58.1,1
222,3,2,2,27.7,42.1,1
222,3,3,3,36.6,45.7,1
222,3,4,4,29.1,39.8,0
223,2,1,1,17.4,22.1,1
223,2,2,2,10.5,26.8,1
223,2,3,3,8.9,30.7,1
223,2,4,4,9.3,14.9,1
223,2,5,5,9.5,10.8,1
223,2,6,6,8.0,15.8,0
224,5,1,1,13.7,35.2,1
224,5,2,2,24.1,36.6,1
224,5,3,3,22.6,35.4,1
224,5,4,4,11.6,31.5,0
225,3,1,1,9.8,25.2,0
226,1,1,1,14.6,26.4,0
227,4,1,1,36.1,66.8,1
227,4,2,2,48.8,40.2,0
228,2,1,1,41.1,55.4,1
228,2,2,2,36.4,57.8,1
228,2,3,3,29.0,38.0,1
228,2,4,4,31.1,33.3,1
228,2,5,5,24.4,29.9,1
228,2,6,6,18.2,34.5,0
229,5,1,1,27.7,38.0,0
230,2,1,1,21.5,38.9,0
231,5,1,1,21.1,28.9,0
232,4,1,1,21.8,31.0,1
232,4,2,2,11.1,19.2,1
232,4,3,3,8.0,32.1,1
232,4,4,4,14.8,15.5,0
233,4,1,1,36.7,65.4,1
233,4,2,2,21.7,60.0,1
233,4,3,3,30.1,64.0,1
233,4,4,4,29.3,37.4,0
234,2,1,1,45.9,54.2,1
234,2,2,2,19.6,53.8,1
234,2,3,3,23.9,37.9,1
234,2,4,4,8.6,45.0,1
234,2,5,5,19.0,45.5,1
234,2,6,6,21.6,40.6,0
235,1,1,1,21.9,45.8,1
235,1,2,2,33.4,43.1,0
236,5,1,1,25.3,45.2,0
237,4,1,1,22.1,34.8,1
237,4,2,2,8.7,23.0,0
238,1,1,1,14.8,28.1,0
239,4,1,1,30.9,82.8,1
239,4,2,2,28.0,60.5,1
239,4,3,3,23.5,57.8,1
239,4,4,4,30.1,47.2,0
240,1,1,1,21.0,39.2,0
241,5,1,1,20.4,39.8,0
242,1,1,1,20.5,36.2,0
243,1,1,1,13.4,24.4,0
244,1,1,1,22.0,40.6,1
244,1,2,2,20.9,32.2,0
245,3,1,1,9.1,42.2,1
245,3,2,2,22.6,34.6,1
245,3,3,3,19.4,54.5,1
245,3,4,4,26.7,42.1,1
245,3,5,5,14.2,15.2,0
246,3,1,1,39.2,58.0,1
246,3,2,2,40.7,74.4,1
246,3,3,3,29.0,65.5,0
247,3,1,1,33.1,58.7,1
247,3,2,2,26.9,47.5,0
248,5,1,1,24.8,22.3,0
249,1,1,1,21.5,66.2,1
249,1,2,2,28.6,46.3,1
249,1,3,3,28.6,47.6,1
249,1,4,4,21.0,45.8,1
249,1,5,5,23.9,48.0,1
249,1,6,6,20.2,30.9,1
249,1,7,7,15.1,25.1,1
249,1,8,8,12.5,17.0,1
249,1,9,9,6.1,16.8,0
250,1,1,1,12.5,30.0,0
251,1,1,1,36.0,76.2,1
251,1,2,2,29.2,36.8,0
252,4,1,1,19.5,26.9,1
252,4,2,2,11.4,34.9,0
253,3,1,1,12.1,52.5,1
253,3,2,2,22.3,50.4,1
253,3,3,3,16.3,23.1,1
253,3,4,4,9.6,34.2,0
254,1,1,1,7.0,22.1,1
254,1,2,2,10.1,20.1,1
254,1,3,3,10.6,12.8,1
254,1,4,4,6.5,14.1,1
254,1,5,5,7.0,14.9,0
255,5,1,1,25.8,28.5,1
255,5,2,2,16.7,43.8,1
255,5,3,3,15.0,20.7,0
256,1,1,1,31.2,54.3,1
256,1,2,2,26.2,52.1,1
256,1,3,3,31.3,46.4,1
256,1,4,4,16.6,36.3,0
257,1,1,1,13.9,35.1,1
257,1,2,2,18.5,24.6,1
257,1,3,3,13.3,29.7,0
258,3,1,1,30.8,38.0,0
259,4,1,1,20.9,21.9,0
260,4,1,1,12.0,31.4,1
260,4,2,2,10.3,19.5,0
261,5,1,1,37.5,61.0,1
261,5,2,2,27.6,57.9,1
261,5,3,3,31.0,36.4,0
262,1,1,1,37.2,49.6,1
262,1,2,2,19.2,67.2,1
262,1,3,3,21.5,35.4,1
262,1,4,4,25.3,22.1,1
262,1,5,5,18.9,42.1,1
262,1,6,6,16.7,30.5,0
263,5,1,1,17.4,49.7,1
263,5,2,2,27.4,30.9,1
263,5,3,3,24.1,31.9,0
264,1,1,1,27.7,30.4,1
264,1,2,2,19.5,25.6,1
264,1,3,3,15.2,26.4,0
265,3,1,1,21.8,45.8,1
265,3,2,2,24.5,27.8,1
265,3,3,3,12.7,38.4,1
265,3,4,4,12.1,19.3,0
266,1,1,1,20.3,48.5,1
266,1,2,2,22.7,36.0,0
267,2,1,1,25.9,38.4,1
267,2,2,2,24.9,49.4,1
267,2,3,3,15.3,47.2,1
267,2,4,4,20.8,24.5,1
267,2,5,5,18.9,33.1,1
267,2,6,6,16.7,22.6,0
268,4,1,1,18.4,44.7,1
268,4,2,2,14.2,30.7,0
269,2,1,1,31.8,71.8,1
269,2,2,2,26.3,56.8,1
269,2,3,3,25.9,63.0,1
269,2,4,4,13.2,49.2,1
269,2,5,5,14.9,26.0,0
270,4,1,1,28.1,51.1,1
270,4,2,2,19.7,52.9,0
271,4,1,1,7.9,32.7,1
271,4,2,2,5.6,22.8,1
271,4,3,3,12.8,15.5,0
272,4,1,1,17.2,30.8,1
272,4,2,2,16.5,33.3,1
272,4,3,3,13.7,27.5,1
272,4,4,4,11.4,15.1,1
272,4,5,5,8.0,15.3,0
273,5,1,1,20.0,27.9,1
273,5,2,2,11.6,34.8,1
273,5,3,3,17.3,26.7,0
274,1,1,1,18.5,34.8,0
275,5,1,1,18.0,52.8,1
275,5,2,2,33.8,57.0,1
275,5,3,3,31.2,54.2,1
275,5,4,4,22.3,27.9,0
276,5,1,1,36.5,39.0,0
277,2,1,1,20.6,50.7,1
277,2,2,2,25.2,66.8,1
277,2,3,3,26.9,40.9,1
277,2,4,4,36.5,29.6,0
278,5,1,1,14.2,24.4,1
278,5,2,2,7.1,25.9,1
278,5,3,3,13.6,26.4,1
278,5,4,4,13.2,26.1,1
278,5,5,5,9.7,19.5,0
279,5,1,1,33.4,59.9,1
279,5,2,2,35.2,61.1,1
279,5,3,3,14.1,27.5,1
279,5,4,4,17.4,51.4,1
279,5,5,5,22.4,30.4,0
280,1,1,1,29.6,38.7,0
281,3,1,1,22.8,26.8,1
281,3,2,2,9.3,28.9,0
282,4,1,1,14.5,56.0,1
282,4,2,2,20.5,31.4,0
283,3,1,1,32.0,55.7,1
283,3,2,2,19.9,76.3,1
283,3,3,3,25.1,31.2,0
284,4,1,1,11.7,24.0,1
284,4,2,2,10.7,21.5,0
285,1,1,1,19.1,52.7,1
285,1,2,2,23.2,44.2,1
285,1,3,3,26.6,32.9,1
285,1,4,4,20.7,34.4,0
286,5,1,1,11.0,21.1,1
286,5,2,2,12.4,21.4,1
286,5,3,3,9.8,15.2,0
287,4,1,1,12.7,26.6,1
287,4,2,2,13.5,20.3,1
287,4,3,3,11.2,19.7,1
287,4,4,4,9.9,24.0,0
288,5,1,1,14.5,19.4,0
289,2,1,1,39.2,74.7,1
289,2,2,2,40.4,50.1,1
289,2,3,3,27.2,45.2,1
289,2,4,4,23.2,42.8,1
289,2,5,5,16.1,25.3,0
290,1,1,1,33.0,51.6,1
290,1,2,2,25.7,24.0,1
290,1,3,3,14.8,32.9,0
291,1,1,1,31.0,40.8,1
291,1,2,2,20.0,46.1,1
291,1,3,3,26.9,31.9,0
292,5,1,1,34.2,76.3,1
292,5,2,2,39.2,54.3,1
292,5,3,3,21.6,58.4,0
293,4,1,1,15.1,33.4,0
294,5,1,1,12.6,54.2,1
294,5,2,2,21.7,47.5,1
294,5,3,3,11.3,43.6,1
294,5,4,4,30.4,48.8,1
294,5,5,5,19.2,37.1,0
295,1,1,1,22.8,52.1,1
295,1,2,2,20.2,40.7,1
295,1,3,3,17.0,33.3,0
296,3,1,1,31.8,60.6,1
296,3,2,2,35.0,42.7,1
296,3,3,3,29.2,30.4,0
297,3,1,1,10.0,15.7,1
297,3,2,2,12.8,19.6,1
297,3,3,3,8.1,16.9,0
298,1,1,1,38.2,66.9,1
298,1,2,2,26.7,29.4,1
298,1,3,3,28.4,52.0,1
298,1,4,4,35.4,49.6,1
298,1,5,5,26.8,38.0,1
298,1,6,6,17.1,35.7,0
299,5,1,1,44.6,58.1,1
299,5,2,2,27.9,50.6,1
299,5,3,3,29.7,48.1,1
299,5,4,4,32.7,49.7,1
299,5,5,5,22.2,40.0,0
300,3,1,1,29.3,30.9,1
300,3,2,2,14.3,18.4,1
300,3,3,3,13.3,25.6,0
301,4,1,1,22.1,27.9,1
301,4,2,2,14.2,21.2,1
301,4,3,3,15.7,19.1,0
302,5,1,1,13.2,39.4,1
302,5,2,2,26.6,41.7,1
302,5,3,3,22.4,33.3,1
302,5,4,4,12.5,39.3,0
303,2,1,1,31.7,67.0,1
303,2,2,2,24.5,47.0,1
303,2,3,3,22.0,29.0,1
303,2,4,4,26.9,38.0,0
304,5,1,1,28.3,27.0,0
305,5,1,1,15.6,33.6,0
306,4,1,1,33.9,54.4,1
306,4,2,2,40.0,55.7,1
306,4,3,3,14.3,33.9,0
307,3,1,1,33.0,44.4,1
307,3,2,2,39.6,56.7,0
308,3,1,1,13.9,48.5,1
308,3,2,2,11.7,32.0,0
309,4,1,1,7.3,21.0,1
309,4,2,2,7.8,19.5,1
309,4,3,3,10.2,18.3,0
310,3,1,1,25.8,31.1,0
311,2,1,1,13.4,32.1,1
311,2,2,2,9.2,25.2,0
312,5,1,1,11.1,33.5,1
312,5,2,2,20.6,47.1,0
313,5,1,1,22.6,24.4,1
313,5,2,2,19.6,28.9,1
313,5,3,3,12.7,22.8,0
314,3,1,1,15.3,27.4,0
315,3,1,1,23.5,40.8,1
315,3,2,2,12.8,28.8,0
316,4,1,1,27.9,48.2,1
316,4,2,2,13.7,31.5,0
317,4,1,1,30.5,53.1,1
317,4,2,2,27.0,57.8,1
317,4,3,3,34.3,43.9,0
318,4,1,1,46.3,78.9,1
318,4,2,2,33.0,74.1,1
318,4,3,3,39.7,44.1,1
318,4,4,4,26.6,41.6,1
318,4,5,5,20.7,48.0,1
318,4,6,6,18.0,35.1,1
318,4,7,7,24.9,11.8,0
319,4,1,1,17.2,35.1,1
319,4,2,2,18.8,32.4,0
320,1,1,1,39.4,38.8,1
320,1,2,2,26.1,53.1,1
320,1,3,3,24.7,39.5,1
320,1,4,4,17.7,40.7,1
320,1,5,5,21.0,24.9,0
321,4,1,1,17.8,41.1,1
321,4,2,2,31.3,35.8,1
321,4,3,3,19.5,30.0,0
322,1,1,1,10.9,17.2,0
323,3,1,1,10.5,18.1,1
323,3,2,2,10.2,21.4,0
324,3,1,1,18.0,46.7,1
324,3,2,2,15.0,45.1,1
324,3,3,3,28.6,39.9,1
324,3,4,4,16.0,21.2,0
325,4,1,1,24.3,42.3,1
325,4,2,2,23.1,30.8,1
325,4,3,3,17.5,25.4,0
326,4,1,1,14.1,23.7,1
326,4,2,2,18.2,32.5,1
326,4,3,3,22.3,25.4,1
326,4,4,4,11.2,20.2,0
327,4,1,1,19.8,55.8,1
327,4,2,2,22.3,39.1,1
327,4,3,3,11.4,43.0,1
327,4,4,4,12.3,23.5,0
328,1,1,1,10.7,26.4,1
328,1,2,2,17.4,32.5,1
328,1,3,3,10.0,22.5,1
328,1,4,4,16.6,16.3,0
329,2,1,1,12.5,7.6,0
330,2,1,1,38.4,76.4,1
330,2,2,2,26.5,30.4,1
330,2,3,3,15.8,26.8,0
331,1,1,1,23.1,42.1,1
331,1,2,2,18.1,34.8,0
332,2,1,1,23.2,27.5,1
332,2,2,2,25.3,29.6,1
332,2,3,3,22.3,44.8,1
332,2,4,4,17.2,29.2,0
333,3,1,1,42.4,42.8,1
333,3,2,2,41.8,62.3,1
333,3,3,3,15.7,41.6,1
333,3,4,4,28.1,32.4,0
334,5,1,1,19.2,57.0,1
334,5,2,2,23.1,41.9,1
334,5,3,3,25.0,29.5,0
335,1,1,1,16.8,56.6,1
335,1,2,2,18.0,29.7,1
335,1,3,3,19.6,39.5,1
335,1,4,4,13.5,29.2,0
336,2,1,1,15.6,26.6,0
337,4,1,1,44.5,73.4,1
337,4,2,2,19.9,68.8,1
337,4,3,3,39.5,72.7,1
337,4,4,4,25.0,47.8,1
337,4,5,5,18.5,37.3,0
338,4,1,1,22.5,47.8,1
338,4,2,2,14.2,32.6,0
339,3,1,1,21.4,19.3,0
340,5,1,1,41.0,99.2,1
340,5,2,2,14.9,67.2,1
340,5,3,3,19.0,44.4,0
341,4,1,1,14.3,27.2,0
342,3,1,1,17.3,54.3,1
342,3,2,2,29.9,30.7,1
342,3,3,3,39.2,56.7,1
342,3,4,4,29.8,54.3,0
343,4,1,1,32.8,54.6,1
343,4,2,2,31.3,60.3,1
343,4,3,3,36.1,32.5,1
343,4,4,4,19.5,35.0,1
343,4,5,5,18.2,25.5,0
344,4,1,1,38.6,59.3,1
344,4,2,2,22.7,48.5,0
345,2,1,1,32.0,49.0,1
345,2,2,2,23.0,39.2,1
345,2,3,3,36.6,51.5,1
345,2,4,4,20.3,59.7,0
346,2,1,1,34.3,51.9,1
346,2,2,2,30.2,50.8,1
346,2,3,3,21.9,52.3,1
346,2,4,4,25.9,40.7,1
346,2,5,5,14.8,23.6,0
347,5,1,1,15.6,25.1,0
348,5,1,1,13.5,34.7,1
348,5,2,2,12.8,20.0,0
349,1,1,1,30.2,28.8,0
350,4,1,1,9.1,27.6,1
350,4,2,2,17.8,31.1,0
351,1,1,1,14.6,61.1,1
351,1,2,2,22.4,33.4,0
352,1,1,1,20.2,54.1,0
353,2,1,1,18.0,69.9,1
353,2,2,2,24.2,54.0,1
353,2,3,3,25.9,56.0,1
353,2,4,4,23.8,41.8,1
353,2,5,5,17.2,38.5,1
353,2,6,6,20.5,42.0,1
353,2,7,7,15.0,21.8,0
354,4,1,1,32.6,53.3,1
354,4,2,2,32.2,40.9,0
355,3,1,1,28.4,43.6,1
355,3,2,2,29.6,37.9,1
355,3,3,3,16.5,31.7,0
356,4,1,1,11.1,14.4,1
356,4,2,2,9.9,13.1,0
357,4,1,1,21.3,45.5,1
357,4,2,2,23.9,35.8,1
357,4,3,3,18.6,28.1,0
358,4,1,1,21.6,35.2,0
359,5,1,1,27.4,62.2,1
359,5,2,2,20.5,44.3,1
359,5,3,3,19.6,34.6,0
360,3,1,1,13.2,10.0,1
360,3,2,2,14.2,18.0,0
361,4,1,1,11.3,17.8,1
361,4,2,2,8.9,16.6,1
361,4,3,3,10.5,17.8,1
361,4,4,4,5.0,18.4,0
362,1,1,1,12.7,22.3,0
363,1,1,1,15.9,24.6,1
363,1,2,2,13.0,21.7,1
363,1,3,3,16.1,18.4,0
364,4,1,1,29.3,45.8,1
364,4,2,2,16.0,40.8,0
365,2,1,1,35.5,77.9,1
365,2,2,2,22.2,36.0,1
365,2,3,3,26.0,45.6,1
365,2,4,4,14.1,25.4,1
365,2,5,5,22.5,31.0,0
366,4,1,1,28.3,40.4,1
366,4,2,2,15.9,37.8,0
367,5,1,1,22.4,48.1,1
367,5,2,2,13.9,60.0,1
367,5,3,3,12.3,29.5,0
368,3,1,1,33.7,52.2,1
368,3,2,2,31.2,34.0,0
369,3,1,1,30.0,37.1,0
370,2,1,1,23.4,39.6,0
371,5,1,1,29.8,52.7,1
371,5,2,2,16.8,40.4,1
371,5,3,3,30.4,25.0,0
372,1,1,1,23.2,32.3,0
373,5,1,1,16.0,34.4,0
374,1,1,1,18.4,31.3,1
374,1,2,2,18.2,19.9,0
375,2,1,1,44.5,64.2,1
375,2,2,2,33.3,56.1,1
375,2,3,3,23.7,40.3,1
375,2,4,4,19.6,33.2,0
376,5,1,1,18.0,40.1,1
376,5,2,2,20.3,25.2,0
377,4,1,1,14.9,12.9,0
378,1,1,1,14.1,26.7,0
379,1,1,1,53.2,40.3,1
379,1,2,2,34.4,56.0,1
379,1,3,3,20.9,58.7,1
379,1,4,4,22.8,47.1,1
379,1,5,5,32.5,37.6,0
380,1,1,1,24.4,34.0,0
381,5,1,1,43.8,52.0,1
381,5,2,2,24.0,52.3,1
381,5,3,3,32.4,67.5,1
381,5,4,4,12.9,45.0,1
381,5,5,5,29.4,45.3,0
382,3,1,1,13.5,19.7,1
382,3,2,2,11.4,19.8,0
383,3,1,1,20.4,43.1,1
383,3,2,2,22.4,51.7,1
383,3,3,3,33.4,41.0,1
383,3,4,4,28.5,37.8,1
383,3,5,5,17.9,39.7,1
383,3,6,6,18.5,33.7,0
384,1,1,1,22.9,41.0,1
384,1,2,2,25.5,43.6,0
385,3,1,1,30.7,59.8,1
385,3,2,2,31.9,42.8,1
385,3,3,3,18.6,53.6,1
385,3,4,4,22.0,56.2,1
385,3,5,5,14.6,32.5,1
385,3,6,6,11.5,31.8,1
385,3,7,7,23.5,26.8,0
386,5,1,1,29.3,30.8,1
386,5,2,2,26.5,52.3,1
386,5,3,3,21.6,38.5,0
387,3,1,1,18.6,58.2,1
387,3,2,2,24.9,48.2,1
387,3,3,3,17.3,38.1,0
388,1,1,1,11.3,29.9,0
389,5,1,1,11.2,16.4,0
390,3,1,1,18.4,26.8,1
390,3,2,2,9.3,17.1,1
390,3,3,3,16.1,22.3,1
390,3,4,4,8.9,11.2,0
391,2,1,1,45.5,71.5,1
391,2,2,2,28.0,63.6,0
392,3,1,1,11.3,15.4,0
393,1,1,1,13.8,45.1,1
393,1,2,2,27.7,47.9,1
393,1,3,3,15.9,42.0,1
393,1,4,4,13.5,26.6,0
394,3,1,1,23.0,50.5,0
395,2,1,1,16.3,19.6,0
396,5,1,1,30.0,51.9,1
396,5,2,2,25.4,45.9,1
396,5,3,3,27.2,24.7,0
397,2,1,1,26.6,38.2,0
398,3,1,1,12.9,35.0,0
399,1,1,1,10.0,23.8,1
399,1,2,2,16.7,35.2,0
400,2,1,1,42.9,45.1,1
400,2,2,2,37.9,38.5,1
400,2,3,3,28.2,51.1,1
400,2,4,4,23.1,30.0,1
400,2,5,5,19.8,27.7,0
401,2,1,1,23.1,44.2,1
401,2,2,2,17.3,26.4,0
402,3,1,1,27.3,35.9,1
402,3,2,2,19.7,63.5,1
402,3,3,3,22.3,33.1,1
402,3,4,4,17.8,32.5,1
402,3,5,5,15.3,26.6,1
402,3,6,6,19.4,34.0,1
402,3,7,7,14.3,19.8,0
403,2,1,1,13.6,25.1,1
403,2,2,2,16.3,15.0,0
404,2,1,1,31.9,41.3,1
404,2,2,2,22.9,37.6,1
404,2,3,3,27.2,37.0,1
404,2,4,4,21.1,31.3,1
404,2,5,5,8.7,26.8,0
405,3,1,1,21.3,21.1,1
405,3,2,2,11.7,35.4,1
405,3,3,3,13.5,17.0,1
405,3,4,4,11.4,25.5,1
405,3,5,5,9.9,18.4,0
406,3,1,1,13.9,16.2,0
407,1,1,1,9.8,23.1,0
408,1,1,1,20.4,32.7,1
408,1,2,2,11.5,14.7,0
409,2,1,1,21.8,39.3,1
409,2,2,2,16.3,26.9,1
409,2,3,3,22.2,34.4,1
409,2,4,4,22.2,33.1,0
410,3,1,1,27.2,33.0,1
410,3,2,2,11.2,29.5,1
410,3,3,3,16.1,12.4,0
411,2,1,1,21.4,27.6,0
412,3,1,1,20.0,47.0,1
412,3,2,2,20.9,39.5,1
412,3,3,3,20.1,34.3,0
413,1,1,1,11.1,17.5,1
413,1,2,2,16.4,15.7,0
414,1,1,1,17.6,23.3,1
414,1,2,2,14.8,24.7,0
415,4,1,1,28.7,57.4,1
415,4,2,2,27.1,56.2,1
415,4,3,3,21.9,27.5,0
416,4,1,1,14.4,28.8,0
417,4,1,1,44.2,51.6,1
417,4,2,2,15.5,40.1,1
417,4,3,3,20.6,76.5,1
417,4,4,4,13.3,46.5,0
418,3,1,1,22.4,37.7,0
419,3,1,1,16.4,37.2,1
419,3,2,2,11.8,21.1,0
420,5,1,1,35.8,59.2,1
420,5,2,2,21.5,41.7,1
420,5,3,3,35.3,47.8,0
421,3,1,1,30.4,41.7,1
421,3,2,2,15.4,22.8,1
421,3,3,3,15.7,27.6,1
421,3,4,4,15.6,18.5,1
421,3,5,5,11.2,32.1,0
422,3,1,1,17.5,28.6,0
423,4,1,1,19.5,19.2,0
424,5,1,1,29.7,65.6,1
424,5,2,2,34.3,55.9,1
424,5,3,3,31.4,41.0,0
425,1,1,1,25.8,42.6,1
425,1,2,2,18.3,38.2,0
426,1,1,1,19.3,43.8,1
426,1,2,2,27.9,35.2,0
427,2,1,1,20.4,51.6,1
427,2,2,2,28.6,30.4,1
427,2,3,3,17.7,26.9,1
427,2,4,4,15.1,34.9,1
427,2,5,5,19.0,17.1,1
427,2,6,6,11.0,15.3,1
427,2,7,7,10.9,22.4,0
428,5,1,1,35.2,35.3,1
428,5,2,2,37.0,45.0,1
428,5,3,3,26.8,39.5,0
429,2,1,1,42.4,88.7,1
429,2,2,2,38.6,49.9,1
429,2,3,3,21.5,49.7,0
430,4,1,1,27.3,50.4,0
431,2,1,1,30.6,56.4,1
431,2,2,2,26.4,56.9,1
431,2,3,3,31.0,38.3,0
432,2,1,1,49.4,53.7,1
432,2,2,2,36.5,35.7,0
433,1,1,1,17.7,29.5,1
433,1,2,2,8.8,24.2,0
434,5,1,1,16.6,21.3,0
435,5,1,1,6.9,34.5,1
435,5,2,2,13.5,32.4,1
435,5,3,3,14.8,19.6,0
436,2,1,1,19.8,37.3,0
437,1,1,1,35.6,62.9,1
437,1,2,2,17.4,40.6,1
437,1,3,3,32.7,39.2,0
438,5,1,1,35.2,78.0,1
438,5,2,2,34.7,34.7,0
439,5,1,1,19.1,28.8,0
440,2,1,1,20.5,31.5,0
441,3,1,1,48.1,68.1,0
442,4,1,1,30.0,22.2,0
443,3,1,1,23.6,52.8,1
443,3,2,2,31.8,41.0,1
443,3,3,3,19.1,37.1,0
444,3,1,1,23.4,50.2,1
444,3,2,2,32.8,43.8,1
444,3,3,3,25.0,52.6,0
445,4,1,1,19.3,15.1,1
445,4,2,2,22.4,40.3,1
445,4,3,3,22.6,27.8,1
445,4,4,4,13.1,20.7,1
445,4,5,5,12.0,20.2,0
446,5,1,1,18.2,28.7,1
446,5,2,2,15.0,36.4,1
446,5,3,3,24.4,36.8,0
447,1,1,1,30.1,41.2,1
447,1,2,2,25.1,48.5,1
447,1,3,3,24.3,53.1,1
447,1,4,4,9.1,35.1,1
447,1,5,5,18.1,39.8,0
448,4,1,1,24.0,30.3,0
449,5,1,1,37.7,76.0,1
449,5,2,2,21.6,27.6,1
449,5,3,3,22.6,44.2,0
450,4,1,1,12.7,25.3,1
450,4,2,2,12.2,23.6,0
451,2,1,1,28.7,47.1,1
451,2,2,2,22.2,22.0,1
451,2,3,3,13.0,30.0,1
451,2,4,4,16.4,35.9,1
451,2,5,5,15.2,16.9,1
451,2,6,6,13.1,21.6,0
452,1,1,1,34.3,31.6,1
452,1,2,2,39.3,41.1,1
452,1,3,3,21.4,54.9,0
453,4,1,1,30.0,54.1,1
453,4,2,2,20.3,25.4,1
453,4,3,3,14.3,46.4,0
454,3,1,1,19.1,41.3,1
454,3,2,2,22.9,31.5,1
454,3,3,3,9.1,26.4,0
455,4,1,1,18.7,25.8,0
456,2,1,1,16.4,26.7,1
456,2,2,2,11.7,16.7,1
456,2,3,3,20.3,33.3,1
456,2,4,4,14.9,21.3,0
457,5,1,1,33.8,47.6,0
458,2,1,1,23.9,36.6,1
458,2,2,2,12.2,33.9,0
459,2,1,1,10.7,20.7,0
460,5,1,1,29.6,49.0,1
460,5,2,2,17.2,25.8,0
461,3,1,1,24.7,31.5,1
461,3,2,2,14.6,34.5,1
461,3,3,3,13.2,24.6,1
461,3,4,4,12.9,22.2,0
462,3,1,1,24.1,56.1,1
462,3,2,2,38.8,81.2,1
462,3,3,3,18.3,27.5,1
462,3,4,4,35.0,43.6,0
463,2,1,1,22.8,47.9,1
463,2,2,2,12.6,42.5,1
463,2,3,3,10.9,39.4,0
464,1,1,1,22.6,26.8,0
465,3,1,1,31.0,44.1,1
465,3,2,2,21.2,42.2,1
465,3,3,3,17.7,45.9,1
465,3,4,4,23.1,30.3,0
466,5,1,1,24.4,23.8,0
467,4,1,1,12.8,79.0,1
467,4,2,2,34.9,53.8,1
467,4,3,3,21.4,46.9,0
468,3,1,1,20.5,28.3,0
469,5,1,1,45.1,66.5,1
469,5,2,2,34.6,49.6,1
469,5,3,3,18.7,63.6,1
469,5,4,4,19.8,35.5,1
469,5,5,5,26.7,43.5,1
469,5,6,6,21.5,41.3,1
469,5,7,7,17.4,22.8,1
469,5,8,8,12.4,26.5,0
470,3,1,1,14.0,20.2,1
470,3,2,2,11.9,26.7,1
470,3,3,3,12.9,18.7,0
471,1,1,1,45.6,70.5,1
471,1,2,2,24.1,71.2,0
472,5,1,1,13.1,25.5,1
472,5,2,2,7.2,11.8,0
473,3,1,1,28.3,37.9,1
473,3,2,2,26.7,56.5,1
473,3,3,3,24.9,57.5,1
473,3,4,4,18.2,41.7,1
473,3,5,5,13.9,38.3,0
474,5,1,1,16.0,23.2,0
475,4,1,1,7.7,25.9,1
475,4,2,2,12.4,24.3,0
476,4,1,1,31.4,56.6,1
476,4,2,2,18.4,38.2,0
477,1,1,1,25.2,55.6,1
477,1,2,2,18.8,36.2,1
477,1,3,3,31.7,37.1,0
478,2,1,1,28.7,65.9,1
478,2,2,2,30.9,50.7,0
479,1,1,1,12.0,29.9,0
480,4,1,1,11.2,21.4,1
480,4,2,2,13.0,16.3,0
481,1,1,1,19.9,44.6,1
481,1,2,2,17.5,40.4,1
481,1,3,3,15.5,30.3,1
481,1,4,4,16.3,18.6,0
482,4,1,1,23.5,42.8,1
482,4,2,2,17.5,28.8,0
483,1,1,1,41.2,70.9,1
483,1,2,2,15.3,21.5,1
483,1,3,3,21.9,46.5,0
484,4,1,1,42.9,41.0,1
484,4,2,2,37.8,63.6,1
484,4,3,3,32.6,44.9,1
484,4,4,4,26.3,33.1,1
484,4,5,5,14.8,41.8,1
484,4,6,6,18.4,28.6,1
484,4,7,7,20.1,18.0,0
485,4,1,1,20.7,37.3,0
486,4,1,1,29.7,46.0,1
486,4,2,2,35.4,65.2,1
486,4,3,3,21.2,47.0,1
486,4,4,4,23.3,44.3,0
487,2,1,1,41.1,52.8,1
487,2,2,2,25.9,44.8,1
487,2,3,3,38.3,49.3,0
488,5,1,1,31.2,51.2,1
488,5,2,2,39.1,49.8,1
488,5,3,3,27.4,43.9,1
488,5,4,4,18.4,63.3,0
489,4,1,1,16.0,20.5,1
489,4,2,2,11.0,26.9,0
490,5,1,1,28.2,47.0,1
490,5,2,2,27.4,25.2,0
491,3,1,1,48.9,62.5,1
491,3,2,2,36.8,74.5,1
491,3,3,3,42.9,35.8,1
491,3,4,4,19.3,44.0,0
492,4,1,1,27.3,50.1,1
492,4,2,2,30.9,30.2,0
493,1,1,1,19.7,35.3,0
494,3,1,1,11.4,18.3,1
494,3,2,2,9.6,17.9,0
495,1,1,1,13.4,29.1,1
495,1,2,2,9.5,21.3,0
496,2,1,1,25.0,59.7,1
496,2,2,2,27.0,50.9,1
496,2,3,3,14.2,38.3,1
496,2,4,4,9.8,13.6,0
497,1,1,1,46.5,66.8,1
497,1,2,2,35.5,47.1,1
497,1,3,3,32.3,47.5,1
497,1,4,4,23.6,50.9,0
498,1,1,1,37.0,44.4,1
498,1,2,2,22.6,32.3,1
498,1,3,3,18.5,52.4,1
498,1,4,4,13.6,41.4,1
498,1,5,5,19.2,23.3,0
499,4,1,1,38.9,72.3,1
499,4,2,2,26.5,43.1,1
499,4,3,3,31.0,55.0,1
499,4,4,4,18.0,31.4,0
500,2,1,1,27.8,57.3,1
500,2,2,2,23.2,44.4,1
500,2,3,3,26.5,61.1,1
500,2,4,4,33.3,51.7,0
501,5,1,1,20.3,32.6,1
501,5,2,2,22.1,54.4,1
501,5,3,3,29.8,34.6,0
502,5,1,1,20.6,63.1,1
502,5,2,2,22.2,50.8,1
502,5,3,3,11.7,49.9,1
502,5,4,4,17.1,24.2,1
502,5,5,5,19.0,53.2,1
502,5,6,6,15.9,23.8,0
503,4,1,1,24.4,14.0,0
504,2,1,1,11.7,28.4,0
505,3,1,1,28.6,47.1,1
505,3,2,2,20.2,44.3,1
505,3,3,3,27.0,34.3,1
505,3,4,4,20.1,38.3,0
506,1,1,1,21.6,36.1,0
507,4,1,1,19.2,33.8,0
508,4,1,1,12.4,26.6,1
508,4,2,2,16.9,19.9,0
509,5,1,1,19.9,32.3,0
510,4,1,1,24.9,35.8,0
511,2,1,1,24.1,49.0,1
511,2,2,2,20.0,25.4,0
512,2,1,1,31.4,40.3,1
512,2,2,2,16.3,12.6,1
512,2,3,3,18.5,44.3,1
512,2,4,4,30.4,29.4,0
513,3,1,1,43.6,58.8,1
513,3,2,2,22.1,44.3,1
513,3,3,3,20.6,27.7,0
514,3,1,1,12.2,50.6,1
514,3,2,2,22.1,42.9,1
514,3,3,3,19.1,23.5,1
514,3,4,4,21.2,25.4,0
515,3,1,1,29.5,32.7,1
515,3,2,2,22.3,43.8,1
515,3,3,3,21.9,40.7,1
515,3,4,4,15.9,38.1,0
516,5,1,1,14.1,17.8,0
517,5,1,1,20.3,56.7,0
518,2,1,1,8.2,54.9,0
519,2,1,1,23.2,41.4,1
519,2,2,2,22.9,39.9,1
519,2,3,3,17.2,37.7,1
519,2,4,4,13.1,35.3,1
519,2,5,5,13.3,21.6,0
520,4,1,1,22.5,42.4,1
520,4,2,2,8.9,30.4,0
521,5,1,1,12.8,25.7,0
522,2,1,1,27.8,53.6,1
522,2,2,2,29.9,51.8,1
522,2,3,3,20.6,41.0,1
522,2,4,4,16.3,24.5,0
523,1,1,1,24.1,33.7,0
524,3,1,1,13.4,29.1,1
524,3,2,2,8.9,33.8,1
524,3,3,3,13.1,48.6,0
525,4,1,1,16.2,27.7,0
526,2,1,1,37.2,77.5,1
526,2,2,2,16.8,56.1,1
526,2,3,3,35.3,56.2,1
526,2,4,4,24.7,41.6,1
526,2,5,5,21.6,41.2,1
526,2,6,6,14.1,22.0,1
526,2,7,7,14.6,28.3,0
527,4,1,1,13.0,11.7,1
527,4,2,2,11.6,19.6,0
528,2,1,1,43.7,72.9,1
528,2,2,2,30.4,41.9,1
528,2,3,3,30.6,60.9,1
528,2,4,4,27.6,49.4,0
529,3,1,1,25.6,44.0,1
529,3,2,2,27.5,52.7,1
529,3,3,3,27.2,59.2,1
529,3,4,4,23.6,30.5,1
529,3,5,5,25.5,35.4,1
529,3,6,6,24.0,41.0,1
529,3,7,7,17.6,34.5,0
530,4,1,1,25.1,56.7,1
530,4,2,2,16.9,21.8,0
531,1,1,1,21.8,42.8,1
531,1,2,2,22.7,34.2,0
532,4,1,1,36.2,37.5,1
532,4,2,2,25.7,45.8,1
532,4,3,3,23.9,39.9,0
533,5,1,1,22.9,18.8,1
533,5,2,2,20.6,17.2,1
533,5,3,3,13.0,23.5,1
533,5,4,4,17.1,35.5,1
533,5,5,5,13.4,21.4,0
534,1,1,1,7.8,12.8,1
534,1,2,2,15.1,15.5,1
534,1,3,3,6.7,15.7,0
535,1,1,1,8.7,25.8,0
536,5,1,1,36.4,54.9,1
536,5,2,2,24.1,54.9,1
536,5,3,3,25.5,35.9,0
537,2,1,1,29.0,42.9,1
537,2,2,2,22.3,33.3,0
538,5,1,1,32.5,41.0,1
538,5,2,2,20.3,43.3,1
538,5,3,3,15.5,42.7,1
538,5,4,4,21.2,49.4,1
538,5,5,5,19.9,31.0,0
539,5,1,1,19.5,34.9,1
539,5,2,2,14.3,33.8,1
539,5,3,3,15.0,19.7,0
540,1,1,1,22.5,55.9,1
540,1,2,2,34.8,49.3,1
540,1,3,3,23.6,49.8,1
540,1,4,4,23.6,48.6,1
540,1,5,5,20.3,47.9,0
541,5,1,1,15.0,37.4,0
542,1,1,1,16.7,23.1,1
542,1,2,2,15.6,25.8,0
543,4,1,1,16.2,38.3,1
543,4,2,2,16.8,43.5,1
543,4,3,3,19.7,33.6,1
543,4,4,4,23.1,29.7,0
544,5,1,1,26.1,44.1,1
544,5,2,2,13.6,37.0,0
545,2,1,1,29.3,62.4,1
545,2,2,2,17.8,48.4,1
545,2,3,3,32.7,38.0,0
546,4,1,1,24.3,26.5,1
546,4,2,2,21.8,27.6,0
547,4,1,1,15.7,40.7,1
547,4,2,2,19.3,41.8,1
547,4,3,3,19.2,37.3,0
548,4,1,1,12.5,38.5,1
548,4,2,2,15.1,22.6,0
549,1,1,1,18.9,29.2,0
550,1,1,1,32.9,50.1,0
551,2,1,1,28.9,54.1,1
551,2,2,2,32.4,56.4,1
551,2,3,3,28.2,52.5,0
552,1,1,1,33.0,74.8,1
552,1,2,2,33.3,60.2,1
552,1,3,3,23.8,41.2,1
552,1,4,4,20.4,46.4,0
553,1,1,1,27.2,54.1,1
553,1,2,2,24.3,52.7,1
553,1,3,3,17.6,36.3,1
553,1,4,4,21.6,46.8,0
554,2,1,1,30.0,41.2,1
554,2,2,2,23.9,26.4,0
555,1,1,1,22.8,31.7,0
556,5,1,1,17.4,33.3,0
557,3,1,1,26.7,53.2,1
557,3,2,2,32.5,32.2,0
558,4,1,1,9.5,31.1,1
558,4,2,2,6.5,32.0,0
559,1,1,1,14.5,23.9,0
560,4,1,1,53.2,61.3,1
560,4,2,2,31.6,68.1,1
560,4,3,3,37.4,39.9,0
561,5,1,1,16.8,49.7,1
561,5,2,2,31.5,56.4,1
561,5,3,3,23.5,39.9,1
561,5,4,4,28.4,60.6,1
561,5,5,5,25.7,31.1,0
562,2,1,1,14.8,34.7,0
563,1,1,1,13.7,34.6,0
564,2,1,1,17.1,16.6,1
564,2,2,2,17.3,29.7,1
564,2,3,3,12.0,22.2,0
565,2,1,1,21.3,47.9,1
565,2,2,2,40.9,49.9,1
565,2,3,3,24.8,48.9,0
566,4,1,1,32.0,35.0,1
566,4,2,2,25.8,36.5,0
567,4,1,1,41.0,64.9,1
567,4,2,2,27.8,63.6,1
567,4,3,3,24.6,33.2,0
568,2,1,1,14.8,61.5,1
568,2,2,2,35.6,42.4,1
568,2,3,3,32.2,38.3,0
569,4,1,1,18.9,36.6,0
570,2,1,1,13.9,19.5,1
570,2,2,2,11.0,17.7,1
570,2,3,3,5.9,14.4,1
570,2,4,4,10.1,13.5,1
570,2,5,5,5.0,11.6,0
571,2,1,1,20.9,67.9,1
571,2,2,2,31.4,30.1,1
571,2,3,3,15.4,34.5,0
572,1,1,1,24.4,45.4,1
572,1,2,2,28.5,27.2,0
573,2,1,1,30.1,69.3,1
573,2,2,2,18.3,47.3,1
573,2,3,3,24.5,58.2,1
573,2,4,4,21.9,35.2,0
574,1,1,1,31.6,57.7,0
575,2,1,1,21.0,25.8,1
575,2,2,2,18.8,25.0,1
575,2,3,3,17.0,28.4,1
575,2,4,4,8.6,21.5,0
576,1,1,1,23.3,41.5,1
576,1,2,2,19.4,41.0,1
576,1,3,3,17.9,38.6,1
576,1,4,4,29.5,44.8,1
576,1,5,5,10.5,33.3,0
577,5,1,1,24.5,63.7,1
577,5,2,2,37.9,42.8,1
577,5,3,3,25.4,25.2,0
578,4,1,1,24.2,28.3,1
578,4,2,2,17.2,35.4,0
579,2,1,1,11.1,26.5,1
579,2,2,2,14.4,28.0,1
579,2,3,3,14.6,18.3,0
580,1,1,1,16.2,43.3,1
580,1,2,2,19.8,47.0,1
580,1,3,3,23.6,60.0,1
580,1,4,4,25.1,33.6,0
581,2,1,1,13.0,30.4,0
582,2,1,1,30.8,46.6,1
582,2,2,2,20.8,29.0,1
582,2,3,3,35.6,33.5,0
583,3,1,1,14.4,50.9,1
583,3,2,2,26.7,31.7,1
583,3,3,3,17.6,39.1,1
583,3,4,4,24.3,31.7,0
584,2,1,1,23.0,26.6,0
585,1,1,1,14.7,16.4,1
585,1,2,2,11.2,23.7,1
585,1,3,3,16.4,22.9,1
585,1,4,4,11.3,10.0,1
585,1,5,5,8.4,11.2,0
586,3,1,1,43.9,65.8,1
586,3,2,2,20.0,43.0,1
586,3,3,3,32.4,44.9,0
587,3,1,1,24.0,80.8,1
587,3,2,2,34.5,79.3,0
588,4,1,1,35.7,54.7,1
588,4,2,2,45.4,60.1,1
588,4,3,3,33.9,37.7,1
588,4,4,4,25.1,61.9,0
589,3,1,1,23.0,34.2,0
590,5,1,1,34.9,65.6,0
591,1,1,1,27.7,47.8,1
591,1,2,2,9.6,35.2,0
592,4,1,1,24.5,81.8,1
592,4,2,2,32.0,26.7,0
593,3,1,1,33.0,74.7,1
593,3,2,2,24.3,53.1,0
594,1,1,1,34.9,40.0,1
594,1,2,2,23.7,28.0,1
594,1,3,3,22.0,38.1,0
595,5,1,1,21.8,39.2,1
595,5,2,2,30.4,43.5,1
595,5,3,3,24.5,22.3,0
596,3,1,1,28.7,29.0,0
597,3,1,1,34.9,48.5,1
597,3,2,2,40.9,60.4,0
598,1,1,1,40.6,48.9,1
598,1,2,2,34.4,63.4,1
598,1,3,3,29.2,45.5,1
598,1,4,4,21.1,50.8,1
598,1,5,5,27.8,36.9,1
598,1,6,6,16.7,37.1,0
599,3,1,1,37.6,40.6,0
600,1,1,1,19.0,24.3,0
601,3,1,1,17.3,40.7,1
601,3,2,2,23.4,35.2,1
601,3,3,3,19.3,38.5,1
601,3,4,4,15.1,32.0,1
601,3,5,5,14.9,23.1,0
602,3,1,1,23.3,42.9,1
602,3,2,2,16.7,19.5,0
603,3,1,1,14.9,26.7,0
604,1,1,1,51.4,62.4,1
604,1,2,2,32.6,55.8,1
604,1,3,3,33.3,63.4,1
604,1,4,4,22.6,36.8,0
605,1,1,1,16.4,36.5,1
605,1,2,2,15.0,32.0,0
606,4,1,1,22.6,40.5,0
607,5,1,1,32.3,45.8,1
607,5,2,2,18.8,40.6,1
607,5,3,3,23.1,35.6,0
608,2,1,1,35.2,45.7,0
609,3,1,1,45.6,72.0,1
609,3,2,2,24.6,62.7,1
609,3,3,3,33.7,56.0,1
609,3,4,4,36.8,33.2,1
609,3,5,5,19.5,41.3,1
609,3,6,6,5.3,41.0,1
609,3,7,7,21.2,29.6,0
610,4,1,1,36.0,31.6,1
610,4,2,2,23.7,33.5,0
611,5,1,1,21.8,48.6,1
611,5,2,2,21.0,29.9,1
611,5,3,3,15.8,38.2,0
612,1,1,1,32.5,52.5,1
612,1,2,2,11.8,33.2,0
613,1,1,1,30.9,60.3,1
613,1,2,2,14.6,38.2,1
613,1,3,3,14.2,35.1,1
613,1,4,4,13.2,28.2,0
614,1,1,1,29.9,51.5,1
614,1,2,2,41.8,49.7,1
614,1,3,3,24.8,41.9,1
614,1,4,4,27.5,34.5,0
615,1,1,1,13.7,22.4,1
615,1,2,2,17.1,10.9,1
615,1,3,3,12.9,17.7,0
616,1,1,1,33.9,61.5,1
616,1,2,2,32.6,48.9,1
616,1,3,3,45.9,44.6,1
616,1,4,4,20.7,63.2,1
616,1,5,5,12.3,41.6,0
617,3,1,1,15.9,42.0,1
617,3,2,2,27.7,35.4,1
617,3,3,3,12.7,45.0,1
617,3,4,4,21.2,26.2,0
618,5,1,1,14.6,13.5,0
619,5,1,1,11.4,35.0,1
619,5,2,2,13.2,27.7,1
619,5,3,3,11.9,23.1,0
620,1,1,1,16.1,30.6,1
620,1,2,2,7.8,25.8,1
620,1,3,3,11.7,22.7,0
621,5,1,1,29.4,69.9,1
621,5,2,2,16.1,56.7,1
621,5,3,3,28.4,45.1,1
621,5,4,4,15.0,69.1,1
621,5,5,5,25.2,30.9,0
622,1,1,1,20.9,27.9,0
623,1,1,1,22.2,26.9,1
623,1,2,2,23.6,39.6,0
624,1,1,1,12.0,17.6,0
625,2,1,1,17.6,32.3,1
625,2,2,2,18.9,26.3,0
626,5,1,1,16.0,44.3,1
626,5,2,2,27.4,49.3,0
627,2,1,1,15.3,29.1,0
628,5,1,1,25.2,37.4,0
629,2,1,1,47.7,72.3,1
629,2,2,2,39.3,42.0,0
630,4,1,1,28.0,54.9,0
631,3,1,1,18.2,27.7,1
631,3,2,2,9.0,20.6,0
632,4,1,1,20.5,39.7,0
633,4,1,1,26.5,34.7,1
633,4,2,2,10.9,38.9,0
634,4,1,1,10.4,35.5,0
635,4,1,1,9.6,33.7,0
636,3,1,1,13.5,24.7,0
637,5,1,1,24.2,41.6,1
637,5,2,2,18.7,46.4,1
637,5,3,3,20.2,35.8,0
638,5,1,1,5.6,31.8,0
639,3,1,1,21.8,52.4,1
639,3,2,2,13.1,49.1,1
639,3,3,3,17.8,33.0,0
640,1,1,1,36.6,67.3,1
640,1,2,2,20.2,39.7,0
641,1,1,1,22.9,51.0,1
641,1,2,2,20.6,28.9,0
642,5,1,1,32.0,48.8,1
642,5,2,2,25.1,46.1,1
642,5,3,3,27.9,24.4,1
642,5,4,4,18.6,39.9,1
642,5,5,5,23.7,32.7,0
643,5,1,1,36.9,42.2,1
643,5,2,2,29.6,60.4,1
643,5,3,3,25.4,30.0,1
643,5,4,4,22.4,53.3,1
643,5,5,5,28.0,37.3,1
643,5,6,6,22.2,23.9,0
644,2,1,1,26.9,48.7,1
644,2,2,2,12.2,37.3,0
645,3,1,1,31.3,42.6,1
645,3,2,2,32.3,55.8,1
645,3,3,3,28.7,50.9,1
645,3,4,4,14.3,39.1,1
645,3,5,5,16.2,37.9,0
646,4,1,1,19.2,60.3,1
646,4,2,2,18.4,55.2,1
646,4,3,3,17.2,59.9,1
646,4,4,4,14.2,32.0,1
646,4,5,5,25.9,29.5,0
647,4,1,1,27.7,37.6,0
648,4,1,1,28.8,47.6,1
648,4,2,2,17.7,55.6,0
649,1,1,1,11.7,48.5,1
649,1,2,2,29.0,57.9,1
649,1,3,3,24.5,42.9,1
649,1,4,4,25.2,30.1,0
650,3,1,1,18.9,28.2,0
651,1,1,1,36.2,61.0,1
651,1,2,2,18.0,61.0,1
651,1,3,3,26.1,59.3,0
652,5,1,1,24.5,32.3,1
652,5,2,2,19.6,24.9,1
652,5,3,3,18.8,29.3,0
653,2,1,1,12.1,24.8,1
653,2,2,2,15.6,22.7,1
653,2,3,3,11.0,18.1,0
654,1,1,1,20.5,33.1,1
654,1,2,2,26.5,45.3,1
654,1,3,3,18.4,49.9,1
654,1,4,4,18.1,28.1,1
654,1,5,5,6.8,27.0,0
655,5,1,1,26.2,59.6,1
655,5,2,2,32.7,47.4,1
655,5,3,3,39.1,46.5,1
655,5,4,4,33.1,41.4,1
655,5,5,5,19.1,30.2,1
655,5,6,6,11.3,21.0,1
655,5,7,7,15.0,15.5,1
655,5,8,8,8.3,25.1,0
656,4,1,1,15.3,33.1,0
657,4,1,1,28.6,54.8,1
657,4,2,2,23.7,29.9,0
658,2,1,1,12.4,26.2,1
658,2,2,2,13.9,20.9,0
659,5,1,1,33.9,52.8,1
659,5,2,2,42.6,53.4,1
659,5,3,3,27.7,54.7,1
659,5,4,4,26.4,54.1,1
659,5,5,5,25.3,52.2,0
660,4,1,1,11.8,32.7,1
660,4,2,2,9.8,26.0,1
660,4,3,3,15.7,15.9,0
661,1,1,1,32.3,67.8,1
661,1,2,2,30.8,51.8,1
661,1,3,3,24.2,46.1,0
662,5,1,1,26.1,46.9,1
662,5,2,2,15.2,23.0,0
663,5,1,1,36.8,55.1,1
663,5,2,2,35.3,67.6,1
663,5,3,3,31.9,46.2,1
663,5,4,4,29.4,29.6,0
664,3,1,1,49.5,57.6,1
664,3,2,2,34.8,54.1,1
664,3,3,3,20.3,52.8,1
664,3,4,4,22.6,54.3,1
664,3,5,5,15.7,24.6,1
664,3,6,6,18.1,20.3,1
664,3,7,7,13.2,17.9,0
665,2,1,1,22.6,25.7,0
666,1,1,1,29.1,42.1,1
666,1,2,2,36.5,47.4,1
666,1,3,3,21.2,28.7,0
667,4,1,1,23.4,35.7,0
668,1,1,1,6.3,23.7,0
669,5,1,1,16.9,21.6,1
669,5,2,2,11.5,25.8,0
670,4,1,1,9.6,28.5,1
670,4,2,2,9.2,22.5,1
670,4,3,3,16.4,15.9,1
670,4,4,4,6.1,15.2,0
671,4,1,1,15.2,33.7,0
672,4,1,1,20.6,42.7,1
672,4,2,2,13.0,43.0,1
672,4,3,3,25.4,17.4,1
672,4,4,4,12.9,18.5,0
673,1,1,1,22.3,54.2,1
673,1,2,2,24.3,44.5,1
673,1,3,3,22.1,31.8,1
673,1,4,4,14.2,24.7,1
673,1,5,5,16.3,24.6,0
674,3,1,1,24.8,66.6,1
674,3,2,2,34.4,50.1,1
674,3,3,3,35.6,36.8,0
675,4,1,1,35.5,61.2,1
675,4,2,2,26.0,60.6,1
675,4,3,3,22.7,64.4,1
675,4,4,4,25.7,40.6,0
676,5,1,1,23.5,24.0,0
677,2,1,1,24.5,44.5,1
677,2,2,2,29.1,54.4,1
677,2,3,3,28.3,45.4,1
677,2,4,4,22.5,46.2,1
677,2,5,5,21.5,41.4,1
677,2,6,6,14.3,25.7,0
678,3,1,1,23.9,60.7,1
678,3,2,2,37.4,65.0,1
678,3,3,3,23.9,42.6,1
678,3,4,4,22.9,30.0,1
678,3,5,5,20.5,50.1,1
678,3,6,6,20.8,39.6,0
679,4,1,1,30.2,47.3,1
679,4,2,2,18.9,33.1,1
679,4,3,3,16.9,46.9,1
679,4,4,4,16.2,32.9,1
679,4,5,5,18.1,25.6,0
680,4,1,1,37.0,27.1,0
681,2,1,1,39.0,44.0,1
681,2,2,2,23.1,37.4,1
681,2,3,3,36.5,42.3,1
681,2,4,4,14.0,52.5,1
681,2,5,5,16.4,41.8,1
681,2,6,6,14.4,30.5,0
682,2,1,1,10.8,29.3,0
683,3,1,1,20.2,55.5,1
683,3,2,2,23.7,38.8,1
683,3,3,3,15.9,41.8,1
683,3,4,4,11.0,36.6,1
683,3,5,5,14.0,20.1,0
684,5,1,1,35.7,58.0,1
684,5,2,2,50.0,38.1,0
685,2,1,1,27.9,45.7,1
685,2,2,2,37.9,50.7,1
685,2,3,3,31.4,36.5,1
685,2,4,4,20.7,45.0,1
685,2,5,5,23.9,30.8,0
686,5,1,1,24.4,39.7,1
686,5,2,2,19.0,25.4,1
686,5,3,3,16.0,31.2,1
686,5,4,4,11.1,31.2,0
687,2,1,1,21.9,51.2,1
687,2,2,2,24.5,39.6,0
688,2,1,1,24.8,46.2,1
688,2,2,2,33.0,32.8,0
689,1,1,1,9.5,19.2,0
690,1,1,1,39.4,49.4,1
690,1,2,2,29.6,56.4,1
690,1,3,3,26.2,41.1,1
690,1,4,4,13.3,45.3,0
691,2,1,1,21.6,33.2,1
691,2,2,2,17.7,29.0,1
691,2,3,3,11.8,26.1,1
691,2,4,4,15.9,26.8,0
692,3,1,1,12.5,36.2,0
693,3,1,1,33.8,48.9,1
693,3,2,2,20.4,40.5,0
694,3,1,1,9.9,27.0,0
695,4,1,1,30.9,69.4,0
696,5,1,1,29.6,57.7,1
696,5,2,2,33.5,67.3,1
696,5,3,3,27.9,63.2,1
696,5,4,4,23.1,34.1,0
697,5,1,1,15.2,33.1,0
698,3,1,1,33.0,49.1,1
698,3,2,2,36.7,54.4,1
698,3,3,3,30.0,52.6,1
698,3,4,4,20.4,57.5,0
699,3,1,1,24.0,26.8,1
699,3,2,2,16.1,35.2,1
699,3,3,3,12.1,25.3,1
699,3,4,4,8.9,24.9,0
700,1,1,1,18.6,26.8,0
701,5,1,1,17.6,17.3,1
701,5,2,2,18.3,19.4,0
702,5,1,1,33.1,43.3,1
702,5,2,2,24.1,43.5,1
702,5,3,3,14.9,48.9,1
702,5,4,4,14.1,42.5,0
703,5,1,1,37.2,47.1,1
703,5,2,2,12.7,29.0,0
704,5,1,1,19.1,32.9,0
705,5,1,1,11.5,16.6,1
705,5,2,2,9.2,19.0,0
706,5,1,1,24.5,64.9,0
707,2,1,1,13.5,35.5,0
708,4,1,1,34.4,68.0,1
708,4,2,2,34.4,52.5,1
708,4,3,3,23.9,50.0,0
709,2,1,1,23.9,57.6,1
709,2,2,2,27.9,36.7,0
710,3,1,1,31.9,68.3,1
710,3,2,2,19.1,43.1,1
710,3,3,3,14.1,34.1,0
711,1,1,1,26.2,44.5,1
711,1,2,2,20.1,26.1,1
711,1,3,3,22.1,36.9,0
712,2,1,1,28.7,60.3,1
712,2,2,2,17.9,34.8,1
712,2,3,3,21.0,41.6,1
712,2,4,4,25.3,13.7,1
712,2,5,5,23.8,29.0,0
713,3,1,1,7.4,19.3,1
713,3,2,2,7.4,30.7,0
714,3,1,1,21.1,33.0,0
715,3,1,1,13.5,28.2,1
715,3,2,2,8.5,24.7,0
716,5,1,1,15.6,28.1,1
716,5,2,2,15.5,20.4,1
716,5,3,3,13.0,19.0,1
716,5,4,4,5.0,23.8,0
717,5,1,1,7.0,31.3,0
718,3,1,1,43.3,74.5,1
718,3,2,2,30.5,67.1,1
718,3,3,3,24.8,68.0,1
718,3,4,4,31.6,49.0,1
718,3,5,5,19.2,48.3,1
718,3,6,6,6.5,34.2,0
719,4,1,1,8.4,28.0,0
720,5,1,1,7.2,23.0,1
720,5,2,2,8.2,16.3,0
721,1,1,1,33.5,49.5,1
721,1,2,2,17.9,61.0,1
721,1,3,3,25.0,40.5,1
721,1,4,4,25.3,31.7,1
721,1,5,5,16.5,21.2,0
722,3,1,1,9.3,16.0,0
723,5,1,1,42.4,75.2,1
723,5,2,2,27.1,59.6,1
723,5,3,3,21.1,48.8,1
723,5,4,4,24.5,43.4,0
724,5,1,1,11.7,20.3,1
724,5,2,2,9.4,21.0,0
725,5,1,1,22.3,31.3,1
725,5,2,2,17.4,28.6,1
725,5,3,3,11.0,17.1,1
725,5,4,4,13.6,17.9,0
726,4,1,1,22.7,29.6,1
726,4,2,2,11.3,26.3,0
727,2,1,1,25.2,57.8,1
727,2,2,2,23.2,38.1,0
728,3,1,1,26.6,58.1,1
728,3,2,2,29.0,39.5,1
728,3,3,3,26.0,40.8,1
728,3,4,4,19.9,15.0,1
728,3,5,5,10.5,18.8,0
729,5,1,1,9.9,32.3,0
730,4,1,1,16.8,35.8,0
731,1,1,1,16.5,31.2,1
731,1,2,2,24.2,19.1,1
731,1,3,3,12.2,26.4,0
732,1,1,1,15.7,29.4,1
732,1,2,2,20.0,29.8,0
733,5,1,1,16.1,29.4,0
734,4,1,1,8.6,14.3,1
734,4,2,2,15.5,35.6,1
734,4,3,3,16.4,22.9,1
734,4,4,4,17.3,32.5,0
735,1,1,1,39.3,42.1,1
735,1,2,2,24.2,33.0,0
736,3,1,1,21.2,32.6,0
737,5,1,1,26.7,39.6,0
738,4,1,1,47.4,55.4,1
738,4,2,2,29.6,60.4,1
738,4,3,3,31.5,47.7,1
738,4,4,4,15.2,32.1,0
739,2,1,1,16.3,26.4,0
740,3,1,1,25.3,50.5,1
740,3,2,2,15.6,27.2,0
741,4,1,1,7.3,42.3,1
741,4,2,2,17.2,25.4,0
742,3,1,1,30.7,60.3,1
742,3,2,2,21.2,20.4,1
742,3,3,3,28.4,42.8,1
742,3,4,4,25.0,30.5,0
743,3,1,1,35.2,46.9,1
743,3,2,2,30.7,50.9,1
743,3,3,3,31.0,70.3,0
744,4,1,1,51.3,51.7,1
744,4,2,2,22.1,71.4,1
744,4,3,3,26.7,52.7,1
744,4,4,4,19.2,23.3,0
745,1,1,1,30.3,50.8,1
745,1,2,2,18.3,50.2,1
745,1,3,3,32.9,40.0,1
745,1,4,4,23.5,38.7,0
746,4,1,1,28.7,61.4,1
746,4,2,2,21.0,52.7,1
746,4,3,3,25.9,47.0,1
746,4,4,4,17.8,27.2,0
747,5,1,1,15.1,33.9,1
747,5,2,2,13.0,14.5,0
748,3,1,1,18.9,31.0,0
749,2,1,1,30.5,48.3,1
749,2,2,2,32.3,47.1,1
749,2,3,3,19.7,48.5,1
749,2,4,4,19.3,46.6,1
749,2,5,5,25.8,28.3,0
750,5,1,1,25.0,45.6,1
750,5,2,2,30.7,32.2,1
750,5,3,3,25.7,57.1,0
751,5,1,1,18.1,30.2,1
751,5,2,2,22.8,27.8,0
752,5,1,1,20.3,75.6,1
752,5,2,2,22.8,46.6,1
752,5,3,3,25.3,33.8,0
753,2,1,1,16.5,41.2,1
753,2,2,2,10.2,37.1,0
754,4,1,1,20.3,35.3,0
755,3,1,1,7.5,24.8,0
756,4,1,1,11.6,31.6,1
756,4,2,2,14.1,33.0,0
757,5,1,1,26.4,53.9,1
757,5,2,2,26.2,48.8,1
757,5,3,3,24.9,30.5,1
757,5,4,4,11.9,24.8,0
758,5,1,1,35.1,65.4,1
758,5,2,2,26.8,52.9,1
758,5,3,3,20.1,47.4,1
758,5,4,4,25.1,36.3,1
758,5,5,5,28.5,37.5,1
758,5,6,6,15.0,43.7,1
758,5,7,7,10.2,34.1,1
758,5,8,8,13.4,17.5,0
759,3,1,1,27.9,39.9,1
759,3,2,2,25.4,36.7,1
759,3,3,3,10.0,41.6,0
760,4,1,1,15.3,35.3,0
761,3,1,1,33.6,63.2,1
761,3,2,2,39.3,35.6,0
762,4,1,1,20.6,36.2,1
762,4,2,2,26.0,41.8,1
762,4,3,3,20.3,42.2,1
762,4,4,4,18.0,30.0,1
762,4,5,5,20.2,9.4,1
762,4,6,6,16.8,12.7,0
763,3,1,1,24.6,50.1,1
763,3,2,2,17.3,45.6,1
763,3,3,3,21.6,40.4,1
763,3,4,4,21.9,26.9,1
763,3,5,5,14.1,31.4,1
763,3,6,6,8.9,20.5,0
764,4,1,1,17.3,21.3,0
765,3,1,1,18.4,60.8,1
765,3,2,2,28.3,48.4,1
765,3,3,3,32.5,31.4,1
765,3,4,4,28.5,42.3,1
765,3,5,5,6.0,42.7,0
766,1,1,1,32.0,70.3,1
766,1,2,2,38.3,26.1,1
766,1,3,3,15.6,59.0,1
766,1,4,4,25.4,31.9,1
766,1,5,5,14.7,45.3,1
766,1,6,6,20.1,34.1,0
767,4,1,1,32.9,48.8,1
767,4,2,2,16.3,51.2,1
767,4,3,3,21.8,22.7,0
768,4,1,1,30.7,78.5,1
768,4,2,2,38.9,43.2,1
768,4,3,3,38.8,77.8,1
768,4,4,4,38.9,39.9,1
768,4,5,5,23.4,37.6,0
769,3,1,1,32.3,44.8,1
769,3,2,2,26.5,26.0,0
770,4,1,1,24.6,51.8,0
771,4,1,1,37.0,46.4,1
771,4,2,2,22.8,49.7,1
771,4,3,3,18.9,48.0,0
772,5,1,1,33.4,40.8,0
773,2,1,1,25.3,42.3,1
773,2,2,2,18.3,35.9,1
773,2,3,3,22.5,33.5,1
773,2,4,4,20.6,19.7,1
773,2,5,5,17.8,31.5,1
773,2,6,6,14.6,21.1,0
774,4,1,1,10.4,27.4,1
774,4,2,2,14.4,15.8,1
774,4,3,3,11.5,20.2,0
775,5,1,1,15.7,42.6,1
775,5,2,2,18.9,30.6,0
776,5,1,1,25.8,38.3,0
777,4,1,1,23.9,19.2,1
777,4,2,2,21.7,23.2,0
778,2,1,1,32.2,78.9,1
778,2,2,2,38.9,43.1,1
778,2,3,3,35.8,71.6,1
778,2,4,4,30.0,64.0,1
778,2,5,5,14.7,22.8,1
778,2,6,6,22.0,44.9,1
778,2,7,7,23.5,29.9,0
779,2,1,1,46.2,61.6,1
779,2,2,2,44.8,45.2,1
779,2,3,3,36.3,45.1,1
779,2,4,4,16.2,24.7,0
780,2,1,1,34.9,41.3,1
780,2,2,2,18.5,60.5,1
780,2,3,3,21.3,34.6,0
781,2,1,1,45.2,68.4,1
781,2,2,2,29.2,57.9,1
781,2,3,3,21.1,39.3,1
781,2,4,4,19.6,37.7,0
782,3,1,1,31.0,55.7,1
782,3,2,2,28.1,79.4,1
782,3,3,3,23.4,38.8,1
782,3,4,4,24.7,56.6,1
782,3,5,5,21.9,49.2,0
783,4,1,1,24.9,32.2,0
784,4,1,1,31.4,45.8,1
784,4,2,2,35.9,42.1,1
784,4,3,3,26.1,39.1,1
784,4,4,4,18.5,28.9,0
785,3,1,1,35.9,49.4,1
785,3,2,2,35.0,51.4,1
785,3,3,3,34.5,46.8,1
785,3,4,4,23.9,59.8,0
786,4,1,1,18.3,22.8,0
787,3,1,1,37.7,38.9,1
787,3,2,2,25.6,64.2,1
787,3,3,3,6.1,35.5,0
788,1,1,1,45.1,48.0,1
788,1,2,2,34.0,45.2,1
788,1,3,3,20.6,37.8,1
788,1,4,4,12.5,34.8,0
789,1,1,1,9.0,16.8,0
790,2,1,1,28.8,35.1,0
791,5,1,1,32.1,57.1,1
791,5,2,2,38.4,51.2,1
791,5,3,3,34.0,61.2,1
791,5,4,4,30.2,45.0,1
791,5,5,5,32.7,27.1,0
792,1,1,1,27.4,43.9,1
792,1,2,2,19.7,31.8,0
793,2,1,1,22.2,49.8,1
793,2,2,2,28.6,30.1,1
793,2,3,3,20.4,39.9,0
794,1,1,1,24.0,52.0,1
794,1,2,2,34.5,56.2,1
794,1,3,3,26.5,54.5,1
794,1,4,4,18.2,30.4,1
794,1,5,5,16.2,40.1,1
794,1,6,6,15.4,37.7,0
795,3,1,1,36.8,51.1,1
795,3,2,2,29.4,48.9,1
795,3,3,3,28.1,37.5,0
796,4,1,1,48.1,55.3,1
796,4,2,2,21.2,52.3,1
796,4,3,3,34.5,45.2,0
797,4,1,1,32.3,43.2,1
797,4,2,2,29.5,41.5,1
797,4,3,3,19.1,33.0,1
797,4,4,4,21.7,29.0,0
798,1,1,1,13.6,28.0,1
798,1,2,2,16.1,30.3,0
799,5,1,1,28.5,80.9,0
800,3,1,1,25.3,33.4,0
